{
  "equity": 66.16447577,
  "long": [
    {
      "coin": "ONDOUSDT",
      "state": "PENDING",
      "oid": 10241147380,
      "limit": 0.4058,
      "qty": 124.5,
      "entry": null,
      "tp_oid": null,
      "sl_oid": null,
      "sl": null,
      "ts": 1784718356.6091077,
      "maxhigh": null,
      "pxh": [
        [
          1784719168.5391688,
          0.4124
        ],
        [
          1784719173.5340645,
          0.4119
        ],
        [
          1784719178.1140473,
          0.4119
        ],
        [
          1784719182.7113554,
          0.4122
        ],
        [
          1784719187.9513996,
          0.4121
        ],
        [
          1784719193.2289326,
          0.4121
        ],
        [
          1784719198.4974897,
          0.4121
        ],
        [
          1784719206.9044716,
          0.4122
        ],
        [
          1784719211.7460039,
          0.4123
        ],
        [
          1784719217.3529155,
          0.4123
        ],
        [
          1784719222.877512,
          0.4123
        ],
        [
          1784719227.483882,
          0.4118
        ],
        [
          1784719232.5178506,
          0.412
        ],
        [
          1784719237.1681595,
          0.4121
        ],
        [
          1784719242.631119,
          0.4122
        ],
        [
          1784719247.7274792,
          0.4123
        ],
        [
          1784719252.3064268,
          0.4122
        ],
        [
          1784719257.1681838,
          0.4122
        ],
        [
          1784719348.2336988,
          0.4122
        ],
        [
          1784719368.4433608,
          0.412
        ],
        [
          1784719375.4817882,
          0.4119
        ],
        [
          1784719380.4888403,
          0.4119
        ],
        [
          1784719390.2551816,
          0.4118
        ],
        [
          1784719394.0165746,
          0.4118
        ],
        [
          1784719398.5102875,
          0.412
        ],
        [
          1784719403.236286,
          0.4119
        ],
        [
          1784719407.4694386,
          0.4119
        ],
        [
          1784719411.6697912,
          0.4118
        ],
        [
          1784719416.1393516,
          0.4116
        ],
        [
          1784719420.5979412,
          0.4115
        ],
        [
          1784719425.3236902,
          0.4115
        ],
        [
          1784719430.0562458,
          0.4115
        ],
        [
          1784719433.836382,
          0.4114
        ],
        [
          1784719438.553191,
          0.4114
        ],
        [
          1784719442.7848287,
          0.4122
        ],
        [
          1784719454.2814,
          0.4122
        ],
        [
          1784719459.5167072,
          0.4121
        ],
        [
          1784719464.2441056,
          0.4122
        ],
        [
          1784719468.9865446,
          0.4122
        ],
        [
          1784719473.036321,
          0.4121
        ],
        [
          1784719477.504926,
          0.4122
        ],
        [
          1784719482.511402,
          0.4121
        ],
        [
          1784719486.5513847,
          0.4118
        ],
        [
          1784719490.303671,
          0.4117
        ],
        [
          1784719495.250821,
          0.4114
        ]
      ]
    }
  ],
  "short": [],
  "mom": [],
  "snap": [],
  "trend": [],
  "squeeze": [],
  "realized": -3.5947726890610845,
  "wins": 9,
  "losses": 10,
  "loss_streak": 0,
  "paused_until": 0,
  "last_sig": {},
  "slot_turn": "squeeze",
  "lbreadth": 7,
  "sfires": 1,
  "fade_streak": 1,
  "fade_paused_until": 0,
  "fade_sl_ts": {
    "ERAUSDT": 1784714752.60104,
    "PROMUSDT": 1784719351.2200575
  },
  "fade_pause_logged": 0,
  "fade_cd_logged": {},
  "day": "2026-07-22",
  "day_eq": 69.76426835,
  "muni_ts": 0,
  "fade_stop_times": [
    1784719351.2200656
  ]
}